month,Billing,Chat Frontline,Email Frontline,Escalations & Warranty,Logistics,Returns Desk,Voice Frontline
2025-01,71,84,45,10,52,26,26
2025-02,76,95,57,15,69,33,23
2025-03,104,120,61,20,74,46,37
2025-04,104,101,74,22,77,44,27
2025-05,83,106,55,25,72,42,41
2025-06,98,102,66,16,80,42,35
2025-07,97,112,82,17,79,37,38
2025-08,162,180,87,25,122,75,44
2025-09,143,161,110,28,103,70,56
2025-10,198,207,120,43,148,85,46
2025-11,219,249,131,42,157,82,72
2025-12,170,220,166,40,136,82,55
2026-01,143,233,132,41,121,70,72
2026-02,148,198,125,34,117,58,53
2026-03,159,214,125,33,125,71,53
2026-04,178,237,126,38,122,60,71
2026-05,144,206,114,34,132,53,73
2026-06,128,205,131,42,119,73,78
